{"filesMd5":[{"page":"/mediator/index.js","md5":"4562c0a960f10650a76e452b87135dc6"},{"page":"/pages/demo/bmrichtext/index.js","md5":"b941822f3f749fc2650af379f44e54ca"},{"page":"/pages/demo/assets/index.js","md5":"7420a281ac60448f632a6dc0a23ab419"},{"page":"/config/index.js","md5":"08ea03398ded9532fe6878c642edd210"},{"page":"/pages/demo/bmcalendar/index.js","md5":"bf7cffcccfc87e8d70256faa5ee7e560"},{"page":"/pages/demo/event/a.js","md5":"bb24517a05bf3b09e554cec9a42c8fa9"},{"page":"/pages/demo/font/index.js","md5":"2c8633dd581894c9ce10adb3da9fc7a1"},{"page":"/pages/demo/event/b.js","md5":"c6407dd0c38d402176d5a0d048a9cd62"},{"page":"/pages/demo/bmchart/index.js","md5":"b13eac1764c916f91ae165da5d76275d"},{"page":"/pages/demo/globalAttr/index.js","md5":"a6585e50cd19e74320d64e64acc8f4ad"},{"page":"/pages/demo/image/index.js","md5":"c27e2a865c4abe321b0efe07ea1e739c"},{"page":"/pages/demo/lifecycle/index.js","md5":"952f6f86da285cbbaedef3ccafdccea4"},{"page":"/pages/demo/notice/index.js","md5":"c9688e00473867689ad81c4adaaa9868"},{"page":"/pages/demo/index.js","md5":"555dc91e66f6de4eea371722ffafda82"},{"page":"/pages/demo/inputExtend/index.js","md5":"cf72d30954249ba7fcc6067440d6a6a1"},{"page":"/pages/demo/other/bindingx.js","md5":"cd298169351611550d26cf213d608bf3"},{"page":"/pages/demo/other/weexui.js","md5":"df9888ccbe031462c267929232eca197"},{"page":"/pages/demo/refresh/index.js","md5":"92b4613785a43b1a1661a0839d81150a"},{"page":"/pages/demo/router/index.js","md5":"1bcc9f2c13ad97e407b502590c2159d3"},{"page":"/pages/demo/other/bui.js","md5":"95c1d0e8fe9ee09c6eae30f92991af3f"},{"page":"/pages/demo/router/tabbarItem1.js","md5":"b1c9f05ae9950162b905511c67ae0650"},{"page":"/pages/demo/storage/index.js","md5":"c8a4672d3b907c0e93f5ff368d288734"},{"page":"/pages/demo/router/tabbarItem2.js","md5":"0f29eca471b1d39cfafb2ca2a8e75376"},{"page":"/pages/Hello.js","md5":"3b9b610bff5f27b97fea8967a21af7d4"},{"page":"/pages/main/ninePic.js","md5":"20fad33e9655e8fb06e7909b94b28855"},{"page":"/pages/demo/router/tabbarItem3.js","md5":"3a941470600da151f05962d85e4962fd"},{"page":"/pages/refresh/refresh.js","md5":"50b0ef708abbcb894dd4c4655e949228"},{"page":"/pages/main/result.js","md5":"c7acc19b632cc0c9cbf271e469fe8fea"},{"page":"/pages/main/mainview.js","md5":"b74e6b7a6c4a3e235fc7a30ef795996b"},{"page":"/pages/register/register.js","md5":"f0a2d8b68c29968cf4c4ffa4f2cfd8e0"},{"page":"/iconfont/font_1469606063_76593.ttf","md5":"f6222bcfedff4a817bb50df7a049d1db"},{"page":"/iconfont/font_1469606522_9417143.woff","md5":"6cf5490fd14ff83350ff952bb5b8e484"},{"page":"/iconfont/font_zn5b3jswpofuhaor.ttf","md5":"c0356b22e8235d2b0be8880cc81894cc"},{"page":"/iconfont/iconfont-eros.ttf","md5":"68780fad0047dc5b02cb613ebb08cda1"},{"page":"/iconfont/iconfont.ttf","md5":"ec86bfe5bdb872bad2b2af4f11da14f4"},{"page":"/assets/TabBar_Item1@2x.png","md5":"02c1875f727a1f4ec7a9e113498a96a5"},{"page":"/assets/TabBar_Item1_Selected@2x.png","md5":"d5e7609700d9a4f075e39b20fecbb9c3"},{"page":"/assets/TabBar_Item2@2x.png","md5":"a30651ed422c597849ce3d69b2f79048"},{"page":"/assets/TabBar_Item2_Selected@2x.png","md5":"fe893d14ff2d7b330a4aeefddbd8a7fa"},{"page":"/assets/TabBar_Item3@2x.png","md5":"fd2645e8081db44f2110661c2643f5cf"},{"page":"/assets/TabBar_Item3_Selected@2x.png","md5":"457d615a5c198b0148609f5eed84be70"},{"page":"/assets/demo.jpg","md5":"332c4e7d5398207c1b49750369a72848"},{"page":"/assets/test.html","md5":"d3183a8dcede740a93c3bbba4ea210a0"}],"android":"1.0.0","iOS":"1.0.0","appName":"firsterosproject","jsVersion":"f95d7729e9379ffda650bbe064e2a132","timestamp":1539338027721,"jsPath":"https://app.weex-eros.com/source"}
